id	code	county	count
20209	#ADD8E6	Wyandotte, Kansas	3
20091	#ADD8E6	Johnson, Kansas	1
29047	#ADD8E6	Clay, Missouri	1
29121	#ADD8E6	Macon, Missouri	1
29165	#ADD8E6	Platte, Missouri	1
29041	#ADD8E6	Chariton, Missouri	1
29175	#ADD8E6	Randolph, Missouri	1
29129	#ADD8E6	Mercer, Missouri	1
29177	#ADD8E6	Ray, Missouri	1
29107	#ADD8E6	Lafayette, Missouri	1
29033	#ADD8E6	Carroll, Missouri	1
48003	#ADD8E6	Andrews, Texas	2
48431	#ADD8E6	Sterling, Texas	1
48417	#ADD8E6	Shackelford, Texas	1
48207	#ADD8E6	Haskell, Texas	1
48433	#ADD8E6	Stonewall, Texas	1
48227	#ADD8E6	Howard, Texas	1
48353	#ADD8E6	Nolan, Texas	1
48445	#ADD8E6	Terry, Texas	1
48305	#ADD8E6	Lynn, Texas	1
48253	#ADD8E6	Jones, Texas	1
48335	#ADD8E6	Mitchell, Texas	1
48165	#ADD8E6	Gaines, Texas	1
48219	#ADD8E6	Hockley, Texas	1
48501	#ADD8E6	Yoakum, Texas	1
48033	#ADD8E6	Borden, Texas	1
48151	#ADD8E6	Fisher, Texas	1
48115	#ADD8E6	Dawson, Texas	1
48263	#ADD8E6	Kent, Texas	1
48441	#ADD8E6	Taylor, Texas	1
48415	#ADD8E6	Scurry, Texas	1
48169	#ADD8E6	Garza, Texas	1
48059	#ADD8E6	Callahan, Texas	1
48243	#ADD8E6	Jeff Davis, Texas	5
48105	#ADD8E6	Crockett, Texas	2
48371	#ADD8E6	Pecos, Texas	2
48301	#ADD8E6	Loving, Texas	2
48435	#ADD8E6	Sutton, Texas	1
48383	#ADD8E6	Reagan, Texas	1
48109	#ADD8E6	Culberson, Texas	1
48475	#ADD8E6	Ward, Texas	1
48495	#ADD8E6	Winkler, Texas	1
48377	#ADD8E6	Presidio, Texas	1
48103	#ADD8E6	Crane, Texas	1
48413	#ADD8E6	Schleicher, Texas	1
48443	#ADD8E6	Terrell, Texas	1
48043	#ADD8E6	Brewster, Texas	1
48461	#ADD8E6	Upton, Texas	1
48389	#ADD8E6	Reeves, Texas	1
48235	#ADD8E6	Irion, Texas	1
48329	#ADD8E6	Midland, Texas	3
48135	#ADD8E6	Ector, Texas	1
48317	#ADD8E6	Martin, Texas	1
48173	#ADD8E6	Glasscock, Texas	1
39041	#ADD8E6	Delaware, Ohio	2
39067	#ADD8E6	Harrison, Ohio	2
39139	#ADD8E6	Richland, Ohio	1
39033	#ADD8E6	Crawford, Ohio	1
39031	#ADD8E6	Coshocton, Ohio	1
39019	#ADD8E6	Carroll, Ohio	1
39157	#ADD8E6	Tuscarawas, Ohio	1
39169	#ADD8E6	Wayne, Ohio	1
39005	#ADD8E6	Ashland, Ohio	1
39101	#ADD8E6	Marion, Ohio	1
39083	#ADD8E6	Knox, Ohio	1
39075	#ADD8E6	Holmes, Ohio	1
39117	#ADD8E6	Morrow, Ohio	1
23021	#ADD8E6	Piscataquis, Maine	2
23011	#ADD8E6	Kennebec, Maine	2
23017	#ADD8E6	Oxford, Maine	1
23025	#ADD8E6	Somerset, Maine	1
23019	#ADD8E6	Penobscot, Maine	1
23031	#ADD8E6	York, Maine	1
23007	#ADD8E6	Franklin, Maine	1
23001	#ADD8E6	Androscoggin, Maine	1
23009	#ADD8E6	Hancock, Maine	10
23027	#ADD8E6	Waldo, Maine	3
23015	#ADD8E6	Lincoln, Maine	2
23023	#ADD8E6	Sagadahoc, Maine	1
23013	#ADD8E6	Knox, Maine	1
23005	#ADD8E6	Cumberland, Maine	14
36005	#ADD8E6	Bronx, New York	2
42033	#FFFF7F	Clearfield, Pennsylvania	2
42093	#FFFF7F	Montour, Pennsylvania	1
42035	#FFFF7F	Clinton, Pennsylvania	1
42119	#FFFF7F	Union, Pennsylvania	1
42057	#FFFF7F	Fulton, Pennsylvania	1
42027	#FFFF7F	Centre, Pennsylvania	1
42109	#FFFF7F	Snyder, Pennsylvania	1
42097	#FFFF7F	Northumberland, Pennsylvania	1
48113	#FFFF7F	Dallas, Texas	1
25013	#FFFF7F	Hampden, Massachusetts	2
9003	#FFFF7F	Hartford, Connecticut	1
25011	#FFFF7F	Franklin, Massachusetts	1
25015	#FFFF7F	Hampshire, Massachusetts	1
27053	#FFFF7F	Hennepin, Minnesota	5
38077	#FFFF7F	Richland, North Dakota	3
38017	#FFFF7F	Cass, North Dakota	2
46109	#FFFF7F	Roberts, South Dakota	1
27051	#FFFF7F	Grant, Minnesota	1
27153	#FFFF7F	Todd, Minnesota	1
27041	#FFFF7F	Douglas, Minnesota	1
27167	#FFFF7F	Wilkin, Minnesota	1
27141	#FFFF7F	Sherburne, Minnesota	1
27111	#FFFF7F	Otter Tail, Minnesota	1
27171	#FFFF7F	Wright, Minnesota	1
27155	#FFFF7F	Traverse, Minnesota	1
27145	#FFFF7F	Stearns, Minnesota	1
27027	#FFFF7F	Clay, Minnesota	1
55091	#FFFF7F	Pepin, Wisconsin	1
55109	#FFFF7F	St. Croix, Wisconsin	1
27037	#FFFF7F	Dakota, Minnesota	1
55093	#FFFF7F	Pierce, Wisconsin	1
55033	#FFFF7F	Dunn, Wisconsin	1
55035	#FFFF7F	Eau Claire, Wisconsin	1
27163	#FFFF7F	Washington, Minnesota	1
27123	#FFFF7F	Ramsey, Minnesota	1
55017	#FFFF7F	Chippewa, Wisconsin	1
37109	#FFFF7F	Lincoln, North Carolina	1
37035	#FFFF7F	Catawba, North Carolina	1
36119	#FFFF7F	Westchester, New York	5
36027	#FFFF7F	Dutchess, New York	1
36079	#FFFF7F	Putnam, New York	1
36111	#FFFF7F	Ulster, New York	4
25003	#FFFF7F	Berkshire, Massachusetts	2
36021	#FFFF7F	Columbia, New York	1
36039	#FFFF7F	Greene, New York	1
9005	#FFFF7F	Litchfield, Connecticut	3
9001	#FFFF7F	Fairfield, Connecticut	2
9009	#FFFF7F	New Haven, Connecticut	2
47083	#FFFF7F	Houston, Tennessee	3
47141	#FFFF7F	Putnam, Tennessee	2
21013	#FFFF7F	Bell, Kentucky	2
47169	#FFFF7F	Trousdale, Tennessee	2
47043	#FFFF7F	Dickson, Tennessee	2
47087	#FFFF7F	Jackson, Tennessee	1
47133	#FFFF7F	Overton, Tennessee	1
47125	#FFFF7F	Montgomery, Tennessee	1
47151	#FFFF7F	Scott, Tennessee	1
47111	#FFFF7F	Macon, Tennessee	1
47057	#FFFF7F	Grainger, Tennessee	1
47067	#FFFF7F	Hancock, Tennessee	1
47027	#FFFF7F	Clay, Tennessee	1
47161	#FFFF7F	Stewart, Tennessee	1
47137	#FFFF7F	Pickett, Tennessee	1
47049	#FFFF7F	Fentress, Tennessee	1
47025	#FFFF7F	Claiborne, Tennessee	1
47041	#FFFF7F	DeKalb, Tennessee	1
47021	#FFFF7F	Cheatham, Tennessee	1
47173	#FFFF7F	Union, Tennessee	1
51105	#FFFF7F	Lee, Virginia	1
47159	#FFFF7F	Smith, Tennessee	1
47073	#FFFF7F	Hawkins, Tennessee	1
47013	#FFFF7F	Campbell, Tennessee	1
47163	#FFFF7F	Sullivan, Tennessee	2
51169	#FFFF7F	Scott, Virginia	1
47089	#FFFF7F	Jefferson, Tennessee	1
47171	#FFFF7F	Unicoi, Tennessee	1
47059	#FFFF7F	Greene, Tennessee	1
47063	#FFFF7F	Hamblen, Tennessee	1
47019	#FFFF7F	Carter, Tennessee	1
47029	#FFFF7F	Cocke, Tennessee	1
47091	#FFFF7F	Johnson, Tennessee	1
51520	#FFFF7F	Bristol City, Virginia	1
51191	#FFFF7F	Washington, Virginia	1
47155	#FFFF7F	Sevier, Tennessee	1
47179	#FFFF7F	Washington, Tennessee	1
18097	#a65628	Marion, Indiana	3
18177	#a65628	Wayne, Indiana	1
39013	#a65628	Belmont, Ohio	1
39089	#a65628	Licking, Ohio	1
39059	#a65628	Guernsey, Ohio	1
39127	#a65628	Perry, Ohio	1
39113	#a65628	Montgomery, Ohio	1
39057	#a65628	Greene, Ohio	1
18065	#a65628	Henry, Indiana	1
18063	#a65628	Hendricks, Indiana	1
39023	#a65628	Clark, Ohio	1
39045	#a65628	Fairfield, Ohio	1
39097	#a65628	Madison, Ohio	1
39109	#a65628	Miami, Ohio	1
18107	#a65628	Montgomery, Indiana	2
17147	#a65628	Piatt, Illinois	1
17113	#a65628	McLean, Illinois	1
17183	#a65628	Vermilion, Illinois	1
17143	#a65628	Peoria, Illinois	1
18045	#a65628	Fountain, Indiana	1
17179	#a65628	Tazewell, Illinois	1
19021	#a65628	Buena Vista, Iowa	2
19193	#a65628	Woodbury, Iowa	2
19027	#a65628	Carroll, Iowa	1
19149	#a65628	Plymouth, Iowa	1
19093	#a65628	Ida, Iowa	1
19025	#a65628	Calhoun, Iowa	1
19035	#a65628	Cherokee, Iowa	1
19161	#a65628	Sac, Iowa	1
1005	#a65628	Barbour, Alabama	2
1123	#a65628	Tallapoosa, Alabama	2
1061	#a65628	Geneva, Alabama	1
1031	#a65628	Coffee, Alabama	1
1051	#a65628	Elmore, Alabama	1
1045	#a65628	Dale, Alabama	1
1041	#a65628	Crenshaw, Alabama	1
1027	#a65628	Clay, Alabama	1
1069	#a65628	Houston, Alabama	1
1113	#a65628	Russell, Alabama	1
1081	#a65628	Lee, Alabama	1
1037	#a65628	Coosa, Alabama	1
1021	#a65628	Chilton, Alabama	1
1011	#a65628	Bullock, Alabama	1
1017	#a65628	Chambers, Alabama	1
1039	#a65628	Covington, Alabama	1
1109	#a65628	Pike, Alabama	1
1087	#a65628	Macon, Alabama	1
1067	#a65628	Henry, Alabama	1
1001	#a65628	Autauga, Alabama	1
1101	#a65628	Montgomery, Alabama	3
1013	#a65628	Butler, Alabama	2
1003	#a65628	Baldwin, Alabama	1
1091	#a65628	Marengo, Alabama	1
1047	#a65628	Dallas, Alabama	1
1025	#a65628	Clarke, Alabama	1
1053	#a65628	Escambia, Alabama	1
1097	#a65628	Mobile, Alabama	1
1119	#a65628	Sumter, Alabama	1
1085	#a65628	Lowndes, Alabama	1
1065	#a65628	Hale, Alabama	1
1063	#a65628	Greene, Alabama	1
1131	#a65628	Wilcox, Alabama	1
1035	#a65628	Conecuh, Alabama	1
1099	#a65628	Monroe, Alabama	1
1129	#a65628	Washington, Alabama	1
1023	#a65628	Choctaw, Alabama	1
1105	#a65628	Perry, Alabama	1
51199	#a65628	York, Virginia	2
51830	#a65628	Williamsburg City, Virginia	2
51115	#a65628	Mathews, Virginia	1
51193	#a65628	Westmoreland, Virginia	1
51073	#a65628	Gloucester, Virginia	1
51095	#a65628	James City, Virginia	1
51097	#a65628	King and Queen, Virginia	1
51127	#a65628	New Kent, Virginia	1
51159	#a65628	Richmond, Virginia	1
51101	#a65628	King William, Virginia	1
51103	#a65628	Lancaster, Virginia	1
51735	#a65628	Poquoson City, Virginia	1
51700	#a65628	Newport News City, Virginia	1
51133	#a65628	Northumberland, Virginia	1
51650	#a65628	Hampton City, Virginia	1
51057	#a65628	Essex, Virginia	1
51119	#a65628	Middlesex, Virginia	1
24031	#a65628	Montgomery, Maryland	1
51600	#a65628	Fairfax City, Virginia	1
51013	#a65628	Arlington, Virginia	2
51033	#a65628	Caroline, Virginia	1
51510	#a65628	Alexandria City, Virginia	1
51760	#a65628	Richmond City, Virginia	1
51061	#a65628	Fauquier, Virginia	1
51177	#a65628	Spotsylvania, Virginia	1
51153	#a65628	Prince William, Virginia	1
24033	#a65628	Prince George's, Maryland	1
51685	#a65628	Manassas Park City, Virginia	1
51047	#a65628	Culpeper, Virginia	1
51683	#a65628	Manassas City, Virginia	1
51003	#a65628	Albemarle, Virginia	1
51059	#a65628	Fairfax, Virginia	1
24017	#a65628	Charles, Maryland	1
51610	#a65628	Falls Church City, Virginia	1
24009	#a65628	Calvert, Maryland	1
51179	#a65628	Stafford, Virginia	1
51540	#a65628	Charlottesville City, Virginia	1
51113	#a65628	Madison, Virginia	1
51107	#a65628	Loudoun, Virginia	1
24037	#a65628	St. Mary's, Maryland	1
51137	#a65628	Orange, Virginia	1
51085	#a65628	Hanover, Virginia	1
51079	#a65628	Greene, Virginia	1
51087	#a65628	Henrico, Virginia	1
51109	#a65628	Louisa, Virginia	1
51065	#a65628	Fluvanna, Virginia	1
51075	#a65628	Goochland, Virginia	1
51099	#a65628	King George, Virginia	1
51630	#a65628	Fredericksburg City, Virginia	1
51157	#a65628	Rappahannock, Virginia	1
37057	#a65628	Davidson, North Carolina	2
37167	#a65628	Stanly, North Carolina	1
37123	#a65628	Montgomery, North Carolina	1
37151	#a65628	Randolph, North Carolina	1
37179	#a65628	Union, North Carolina	1
45091	#a65628	York, South Carolina	1
37071	#a65628	Gaston, North Carolina	1
37119	#a65628	Mecklenburg, North Carolina	10
37097	#a65628	Iredell, North Carolina	1
37159	#a65628	Rowan, North Carolina	1
37025	#a65628	Cabarrus, North Carolina	1
15003	#a65628	Honolulu, Hawaii	43
15001	#a65628	Hawaii, Hawaii	45
41015	#a65628	Curry, Oregon	1
6015	#a65628	Del Norte, California	20
1107	#a65628	Pickens, Alabama	1
1075	#a65628	Lamar, Alabama	1
1127	#a65628	Walker, Alabama	1
1057	#a65628	Fayette, Alabama	1
1125	#a65628	Tuscaloosa, Alabama	1
1043	#a65628	Cullman, Alabama	1
1117	#a65628	Shelby, Alabama	1
1007	#a65628	Bibb, Alabama	1
39099	#a65628	Mahoning, Ohio	3
39153	#a65628	Summit, Ohio	3
39151	#a65628	Stark, Ohio	1
39085	#a65628	Lake, Ohio	1
39035	#a65628	Cuyahoga, Ohio	1
39155	#a65628	Trumbull, Ohio	1
39103	#a65628	Medina, Ohio	1
39055	#a65628	Geauga, Ohio	1
39133	#a65628	Portage, Ohio	1
39007	#a65628	Ashtabula, Ohio	1
17067	#f781bf	Hancock, Illinois	2
17009	#f781bf	Brown, Illinois	1
29127	#f781bf	Marion, Missouri	1
17109	#f781bf	McDonough, Illinois	1
29111	#f781bf	Lewis, Missouri	1
17001	#f781bf	Adams, Illinois	1
17169	#f781bf	Schuyler, Illinois	1
19033	#f781bf	Cerro Gordo, Iowa	4
19131	#f781bf	Mitchell, Iowa	2
19195	#f781bf	Worth, Iowa	2
27047	#f781bf	Freeborn, Minnesota	1
19081	#f781bf	Hancock, Iowa	1
19067	#f781bf	Floyd, Iowa	1
19189	#f781bf	Winnebago, Iowa	1
27099	#f781bf	Mower, Minnesota	1
19023	#f781bf	Butler, Iowa	1
19197	#f781bf	Wright, Iowa	1
19069	#f781bf	Franklin, Iowa	1
6089	#f781bf	Shasta, California	13
6105	#f781bf	Trinity, California	5
6093	#f781bf	Siskiyou, California	5
6049	#f781bf	Modoc, California	2
53073	#f781bf	Whatcom, Washington	1
53055	#f781bf	San Juan, Washington	17
53057	#f781bf	Skagit, Washington	3
53061	#f781bf	Snohomish, Washington	1
53029	#f781bf	Island, Washington	1
12037	#f781bf	Franklin, Florida	21
12033	#f781bf	Escambia, Florida	1
12131	#f781bf	Walton, Florida	1
12077	#f781bf	Liberty, Florida	1
12013	#f781bf	Calhoun, Florida	1
12063	#f781bf	Jackson, Florida	1
12113	#f781bf	Santa Rosa, Florida	1
12091	#f781bf	Okaloosa, Florida	1
12059	#f781bf	Holmes, Florida	1
12005	#f781bf	Bay, Florida	1
12133	#f781bf	Washington, Florida	1
12045	#f781bf	Gulf, Florida	1
12073	#f781bf	Leon, Florida	2
12129	#f781bf	Wakulla, Florida	1
12039	#f781bf	Gadsden, Florida	1
12065	#f781bf	Jefferson, Florida	2
12047	#f781bf	Hamilton, Florida	2
12121	#f781bf	Suwannee, Florida	1
12123	#f781bf	Taylor, Florida	1
12079	#f781bf	Madison, Florida	1
12029	#f781bf	Dixie, Florida	1
12023	#f781bf	Columbia, Florida	1
12041	#f781bf	Gilchrist, Florida	1
12067	#f781bf	Lafayette, Florida	1
12075	#f781bf	Levy, Florida	1
47045	#f781bf	Dyer, Tennessee	2
47095	#f781bf	Lake, Tennessee	2
47131	#f781bf	Obion, Tennessee	2
47097	#f781bf	Lauderdale, Tennessee	1
47183	#f781bf	Weakley, Tennessee	1
47075	#f781bf	Haywood, Tennessee	1
47167	#f781bf	Tipton, Tennessee	1
47079	#f781bf	Henry, Tennessee	1
29155	#f781bf	Pemiscot, Missouri	1
47017	#f781bf	Carroll, Tennessee	1
21075	#f781bf	Fulton, Kentucky	1
47053	#f781bf	Gibson, Tennessee	1
47033	#f781bf	Crockett, Tennessee	1
47113	#f781bf	Madison, Tennessee	5
47085	#f781bf	Humphreys, Tennessee	1
47023	#f781bf	Chester, Tennessee	1
47039	#f781bf	Decatur, Tennessee	1
47077	#f781bf	Henderson, Tennessee	1
47005	#f781bf	Benton, Tennessee	1
47135	#f781bf	Perry, Tennessee	1
47081	#f781bf	Hickman, Tennessee	1
47101	#f781bf	Lewis, Tennessee	1
47107	#f781bf	McMinn, Tennessee	2
47145	#f781bf	Roane, Tennessee	1
47153	#f781bf	Sequatchie, Tennessee	1
47123	#f781bf	Monroe, Tennessee	1
47139	#f781bf	Polk, Tennessee	1
47129	#f781bf	Morgan, Tennessee	1
47009	#f781bf	Blount, Tennessee	1
47093	#f781bf	Knox, Tennessee	1
47035	#f781bf	Cumberland, Tennessee	1
47175	#f781bf	Van Buren, Tennessee	1
47105	#f781bf	Loudon, Tennessee	1
47007	#f781bf	Bledsoe, Tennessee	1
47185	#f781bf	White, Tennessee	1
47001	#f781bf	Anderson, Tennessee	1
47143	#f781bf	Rhea, Tennessee	1
47121	#f781bf	Meigs, Tennessee	1
48427	#f781bf	Starr, Texas	2
48505	#f781bf	Zapata, Texas	2
48247	#f781bf	Jim Hogg, Texas	2
48047	#f781bf	Brooks, Texas	1
48061	#f781bf	Cameron, Texas	1
48249	#f781bf	Jim Wells, Texas	1
48479	#f781bf	Webb, Texas	1
48273	#f781bf	Kleberg, Texas	1
48489	#f781bf	Willacy, Texas	1
48355	#f781bf	Nueces, Texas	1
48297	#f781bf	Live Oak, Texas	1
48261	#f781bf	Kenedy, Texas	1
48215	#f781bf	Hidalgo, Texas	1
48131	#f781bf	Duval, Texas	1
48025	#f781bf	Bee, Texas	1
48007	#f781bf	Aransas, Texas	1
48239	#f781bf	Jackson, Texas	1
48391	#f781bf	Refugio, Texas	1
48469	#f781bf	Victoria, Texas	1
48057	#f781bf	Calhoun, Texas	1
48409	#f781bf	San Patricio, Texas	1
48321	#f781bf	Matagorda, Texas	1
22017	#f781bf	Caddo Parish, Louisiana	2
48245	#f781bf	Jefferson, Texas	2
48347	#f781bf	Nacogdoches, Texas	1
48203	#f781bf	Harrison, Texas	1
48419	#f781bf	Shelby, Texas	1
48401	#f781bf	Rusk, Texas	1
48365	#f781bf	Panola, Texas	1
48183	#f781bf	Gregg, Texas	1
48351	#f781bf	Newton, Texas	1
48403	#f781bf	Sabine, Texas	1
48361	#f781bf	Orange, Texas	1
48405	#f781bf	San Augustine, Texas	1
48241	#f781bf	Jasper, Texas	1
6023	#f781bf	Humboldt, California	26
13313	#f781bf	Whitfield, Georgia	1
47011	#f781bf	Bradley, Tennessee	1
1111	#f781bf	Randolph, Alabama	2
13233	#f781bf	Polk, Georgia	2
13223	#f781bf	Paulding, Georgia	1
13149	#f781bf	Heard, Georgia	1
1055	#f781bf	Etowah, Alabama	1
13097	#f781bf	Douglas, Georgia	1
13115	#f781bf	Floyd, Georgia	1
13055	#f781bf	Chattooga, Georgia	1
1019	#f781bf	Cherokee, Alabama	1
13143	#f781bf	Haralson, Georgia	1
1049	#f781bf	DeKalb, Alabama	1
1029	#f781bf	Cleburne, Alabama	1
13045	#f781bf	Carroll, Georgia	1
1121	#f781bf	Talladega, Alabama	1
1015	#f781bf	Calhoun, Alabama	1
47051	#f781bf	Franklin, Tennessee	5
47031	#f781bf	Coffee, Tennessee	2
47003	#f781bf	Bedford, Tennessee	2
47177	#f781bf	Warren, Tennessee	2
47061	#f781bf	Grundy, Tennessee	2
47015	#f781bf	Cannon, Tennessee	1
47127	#f781bf	Moore, Tennessee	1
28081	#f781bf	Lee, Mississippi	4
47157	#f781bf	Shelby, Tennessee	2
5035	#f781bf	Crittenden, Arkansas	2
47047	#f781bf	Fayette, Tennessee	1
28009	#f781bf	Benton, Mississippi	1
1093	#f781bf	Marion, Alabama	1
28033	#f781bf	DeSoto, Mississippi	1
47069	#f781bf	Hardeman, Tennessee	1
28115	#f781bf	Pontotoc, Mississippi	1
1059	#f781bf	Franklin, Alabama	1
28117	#f781bf	Prentiss, Mississippi	1
28057	#f781bf	Itawamba, Mississippi	1
28139	#f781bf	Tippah, Mississippi	1
28093	#f781bf	Marshall, Mississippi	1
28145	#f781bf	Union, Mississippi	1
1133	#f781bf	Winston, Alabama	1
13063	#f781bf	Clayton, Georgia	3
8031	#e41a1c	Denver, Colorado	1
45041	#e41a1c	Florence, South Carolina	2
45031	#e41a1c	Darlington, South Carolina	1
45069	#e41a1c	Marlboro, South Carolina	1
45067	#e41a1c	Marion, South Carolina	1
45033	#e41a1c	Dillon, South Carolina	1
29117	#e41a1c	Livingston, Missouri	2
29171	#e41a1c	Putnam, Missouri	1
29025	#e41a1c	Caldwell, Missouri	1
29063	#e41a1c	DeKalb, Missouri	1
29211	#e41a1c	Sullivan, Missouri	1
29049	#e41a1c	Clinton, Missouri	1
29061	#e41a1c	Daviess, Missouri	1
29115	#e41a1c	Linn, Missouri	1
29079	#e41a1c	Grundy, Missouri	1
12021	#e41a1c	Collier, Florida	5
12051	#e41a1c	Hendry, Florida	1
12087	#e41a1c	Monroe, Florida	1
12086	#e41a1c	Miami-Dade, Florida	9
12099	#e41a1c	Palm Beach, Florida	4
12011	#e41a1c	Broward, Florida	3
53059	#e41a1c	Skamania, Washington	1
41027	#e41a1c	Hood River, Oregon	1
41007	#e41a1c	Clatsop, Oregon	3
53069	#e41a1c	Wahkiakum, Washington	2
53049	#e41a1c	Pacific, Washington	2
41067	#e41a1c	Washington, Oregon	2
41057	#e41a1c	Tillamook, Oregon	1
41009	#e41a1c	Columbia, Oregon	1
41005	#e41a1c	Clackamas, Oregon	3
19085	#e41a1c	Harrison, Iowa	2
19133	#e41a1c	Monona, Iowa	2
19047	#e41a1c	Crawford, Iowa	1
31177	#e41a1c	Washington, Nebraska	1
31021	#e41a1c	Burt, Nebraska	1
19145	#e41a1c	Page, Iowa	1
19159	#e41a1c	Ringgold, Iowa	1
31153	#e41a1c	Sarpy, Nebraska	1
19173	#e41a1c	Taylor, Iowa	1
19071	#e41a1c	Fremont, Iowa	1
19129	#e41a1c	Mills, Iowa	2
19003	#e41a1c	Adams, Iowa	1
19137	#e41a1c	Montgomery, Iowa	1
19175	#e41a1c	Union, Iowa	1
12071	#e41a1c	Lee, Florida	3
12081	#e41a1c	Manatee, Florida	1
12015	#e41a1c	Charlotte, Florida	1
12115	#e41a1c	Sarasota, Florida	1
12027	#e41a1c	DeSoto, Florida	1
12049	#e41a1c	Hardee, Florida	1
12001	#e41a1c	Alachua, Florida	9
12089	#e41a1c	Nassau, Florida	1
12003	#e41a1c	Baker, Florida	1
12109	#e41a1c	St. Johns, Florida	1
12107	#e41a1c	Putnam, Florida	1
12031	#e41a1c	Duval, Florida	1
12007	#e41a1c	Bradford, Florida	1
12019	#e41a1c	Clay, Florida	1
12125	#e41a1c	Union, Florida	1
13047	#e41a1c	Catoosa, Georgia	6
47065	#e41a1c	Hamilton, Tennessee	2
13295	#e41a1c	Walker, Georgia	1
13083	#e41a1c	Dade, Georgia	1
47115	#e41a1c	Marion, Tennessee	1
47071	#e41a1c	Hardin, Tennessee	1
28141	#e41a1c	Tishomingo, Mississippi	1
47181	#e41a1c	Wayne, Tennessee	1
47109	#e41a1c	McNairy, Tennessee	1
28003	#e41a1c	Alcorn, Mississippi	1
47149	#e41a1c	Rutherford, Tennessee	1
47099	#e41a1c	Lawrence, Tennessee	1
13151	#e41a1c	Henry, Georgia	2
13193	#e41a1c	Macon, Georgia	1
13171	#e41a1c	Lamar, Georgia	1
13207	#e41a1c	Monroe, Georgia	1
13225	#e41a1c	Peach, Georgia	1
13307	#e41a1c	Webster, Georgia	1
13255	#e41a1c	Spalding, Georgia	1
13261	#e41a1c	Sumter, Georgia	1
13053	#e41a1c	Chattahoochee, Georgia	1
13021	#e41a1c	Bibb, Georgia	1
13215	#e41a1c	Muscogee, Georgia	1
13035	#e41a1c	Butts, Georgia	1
13153	#e41a1c	Houston, Georgia	1
13121	#e41a1c	Fulton, Georgia	3
13119	#e41a1c	Franklin, Georgia	1
13311	#e41a1c	White, Georgia	1
13137	#e41a1c	Habersham, Georgia	1
13187	#e41a1c	Lumpkin, Georgia	1
13285	#e41a1c	Troup, Georgia	1
13213	#e41a1c	Murray, Georgia	1
13227	#e41a1c	Pickens, Georgia	1
13011	#e41a1c	Banks, Georgia	1
13015	#e41a1c	Bartow, Georgia	1
45073	#e41a1c	Oconee, South Carolina	1
13123	#e41a1c	Gilmer, Georgia	1
13157	#e41a1c	Jackson, Georgia	1
13145	#e41a1c	Harris, Georgia	1
13077	#e41a1c	Coweta, Georgia	1
13085	#e41a1c	Dawson, Georgia	1
13139	#e41a1c	Hall, Georgia	1
13257	#e41a1c	Stephens, Georgia	1
13129	#e41a1c	Gordon, Georgia	1
13013	#e41a1c	Barrow, Georgia	1
13057	#e41a1c	Cherokee, Georgia	1
13067	#e41a1c	Cobb, Georgia	1
13147	#e41a1c	Hart, Georgia	1
13113	#e41a1c	Fayette, Georgia	1
13117	#e41a1c	Forsyth, Georgia	4
12111	#e41a1c	St. Lucie, Florida	3
12093	#e41a1c	Okeechobee, Florida	2
12085	#e41a1c	Martin, Florida	2
13089	#e41a1c	DeKalb, Georgia	2
12055	#e41a1c	Highlands, Florida	1
12061	#e41a1c	Indian River, Florida	1
12043	#e41a1c	Glades, Florida	1
13135	#e41a1c	Gwinnett, Georgia	1
12035	#e41a1c	Flagler, Florida	2
48281	#e41a1c	Lampasas, Texas	1
48477	#e41a1c	Washington, Texas	1
48331	#e41a1c	Milam, Texas	1
48287	#e41a1c	Lee, Texas	1
48491	#e41a1c	Williamson, Texas	1
35053	#e41a1c	Socorro, New Mexico	1
35061	#e41a1c	Valencia, New Mexico	1
35051	#e41a1c	Sierra, New Mexico	1
35049	#e41a1c	Santa Fe, New Mexico	1
35006	#e41a1c	Cibola, New Mexico	1
35043	#e41a1c	Sandoval, New Mexico	1
35001	#e41a1c	Bernalillo, New Mexico	1
48141	#e41a1c	El Paso, Texas	2
48229	#e41a1c	Hudspeth, Texas	2
12009	#e41a1c	Brevard, Florida	153
12127	#e41a1c	Volusia, Florida	4
12117	#e41a1c	Seminole, Florida	2
12095	#e41a1c	Orange, Florida	25
12105	#e41a1c	Polk, Florida	6
12083	#e41a1c	Marion, Florida	4
12069	#e41a1c	Lake, Florida	4
12103	#e41a1c	Pinellas, Florida	3
12101	#e41a1c	Pasco, Florida	2
12097	#e41a1c	Osceola, Florida	2
12119	#e41a1c	Sumter, Florida	2
12053	#e41a1c	Hernando, Florida	1
12057	#e41a1c	Hillsborough, Florida	1
12017	#e41a1c	Citrus, Florida	1
55111	#e41a1c	Sauk, Wisconsin	2
55103	#e41a1c	Richland, Wisconsin	1
55123	#e41a1c	Vernon, Wisconsin	1
55023	#e41a1c	Crawford, Wisconsin	1
17095	#377eb8	Knox, Illinois	2
17089	#377eb8	Kane, Illinois	1
17063	#377eb8	Grundy, Illinois	1
17073	#377eb8	Henry, Illinois	1
17105	#377eb8	Livingston, Illinois	1
17037	#377eb8	DeKalb, Illinois	1
17093	#377eb8	Kendall, Illinois	1
17175	#377eb8	Stark, Illinois	1
17123	#377eb8	Marshall, Illinois	1
17187	#377eb8	Warren, Illinois	1
17043	#377eb8	DuPage, Illinois	1
17155	#377eb8	Putnam, Illinois	1
17197	#377eb8	Will, Illinois	1
17131	#377eb8	Mercer, Illinois	1
17071	#377eb8	Henderson, Illinois	1
17011	#377eb8	Bureau, Illinois	1
17099	#377eb8	LaSalle, Illinois	1
29199	#377eb8	Scotland, Missouri	1
29045	#377eb8	Clark, Missouri	1
42017	#377eb8	Bucks, Pennsylvania	1
34007	#377eb8	Camden, New Jersey	1
34011	#377eb8	Cumberland, New Jersey	1
34033	#377eb8	Salem, New Jersey	1
34021	#377eb8	Mercer, New Jersey	1
34001	#377eb8	Atlantic, New Jersey	1
34025	#377eb8	Monmouth, New Jersey	1
34029	#377eb8	Ocean, New Jersey	1
34009	#377eb8	Cape May, New Jersey	1
34015	#377eb8	Gloucester, New Jersey	1
34023	#377eb8	Middlesex, New Jersey	1
36081	#377eb8	Queens, New York	11
42095	#377eb8	Northampton, Pennsylvania	1
34035	#377eb8	Somerset, New Jersey	1
34017	#377eb8	Hudson, New Jersey	1
34003	#377eb8	Bergen, New Jersey	1
34031	#377eb8	Passaic, New Jersey	1
34019	#377eb8	Hunterdon, New Jersey	1
34037	#377eb8	Sussex, New Jersey	1
34013	#377eb8	Essex, New Jersey	1
36047	#377eb8	Kings, New York	1
34039	#377eb8	Union, New Jersey	1
34027	#377eb8	Morris, New Jersey	1
36085	#377eb8	Richmond, New York	1
34041	#377eb8	Warren, New Jersey	1
19143	#377eb8	Osceola, Iowa	2
19147	#377eb8	Palo Alto, Iowa	1
19109	#377eb8	Kossuth, Iowa	1
19167	#377eb8	Sioux, Iowa	1
19151	#377eb8	Pocahontas, Iowa	1
19059	#377eb8	Dickinson, Iowa	1
19041	#377eb8	Clay, Iowa	1
19063	#377eb8	Emmet, Iowa	1
19141	#377eb8	O'Brien, Iowa	1
19187	#377eb8	Webster, Iowa	1
19091	#377eb8	Humboldt, Iowa	1
19119	#377eb8	Lyon, Iowa	1
46083	#377eb8	Lincoln, South Dakota	1
6091	#377eb8	Sierra, California	2
6035	#377eb8	Lassen, California	5
6103	#377eb8	Tehama, California	4
6063	#377eb8	Plumas, California	9
2261	#377eb8	Valdez-Cordova, Alaska	3
2122	#377eb8	Kenai Peninsula, Alaska	7
2020	#377eb8	Anchorage, Alaska	10
2170	#377eb8	Matanuska-Susitna, Alaska	7
26021	#377eb8	Berrien, Michigan	2
18127	#377eb8	Porter, Indiana	1
18089	#377eb8	Lake, Indiana	1
18091	#377eb8	LaPorte, Indiana	1
53009	#377eb8	Clallam, Washington	2
53053	#377eb8	Pierce, Washington	1
53045	#377eb8	Mason, Washington	1
53035	#377eb8	Kitsap, Washington	1
53031	#377eb8	Jefferson, Washington	1
53033	#377eb8	King, Washington	13
41051	#377eb8	Multnomah, Oregon	9
53015	#377eb8	Cowlitz, Washington	1
53067	#377eb8	Thurston, Washington	1
53011	#377eb8	Clark, Washington	1
53041	#377eb8	Lewis, Washington	1
6045	#377eb8	Mendocino, California	19
6033	#377eb8	Lake, California	8
48053	#377eb8	Burnet, Texas	2
48299	#377eb8	Llano, Texas	1
48019	#377eb8	Bandera, Texas	1
48031	#377eb8	Blanco, Texas	1
48091	#377eb8	Comal, Texas	1
48319	#377eb8	Mason, Texas	1
48171	#377eb8	Gillespie, Texas	1
48267	#377eb8	Kimble, Texas	1
48259	#377eb8	Kendall, Texas	1
48325	#377eb8	Medina, Texas	1
48265	#377eb8	Kerr, Texas	1
48029	#377eb8	Bexar, Texas	4
48149	#377eb8	Fayette, Texas	2
48473	#377eb8	Waller, Texas	1
48481	#377eb8	Wharton, Texas	1
48015	#377eb8	Austin, Texas	1
48187	#377eb8	Guadalupe, Texas	1
48285	#377eb8	Lavaca, Texas	1
48157	#377eb8	Fort Bend, Texas	1
48089	#377eb8	Colorado, Texas	1
48493	#377eb8	Wilson, Texas	1
48177	#377eb8	Gonzales, Texas	1
48039	#377eb8	Brazoria, Texas	1
48071	#377eb8	Chambers, Texas	1
48471	#377eb8	Walker, Texas	1
48339	#377eb8	Montgomery, Texas	1
48041	#377eb8	Brazos, Texas	1
48407	#377eb8	San Jacinto, Texas	1
48051	#377eb8	Burleson, Texas	1
48185	#377eb8	Grimes, Texas	1
48291	#377eb8	Liberty, Texas	1
55025	#377eb8	Dane, Wisconsin	3
55021	#377eb8	Columbia, Wisconsin	2
17085	#377eb8	Jo Daviess, Illinois	1
17177	#377eb8	Stephenson, Illinois	1
55055	#377eb8	Jefferson, Wisconsin	1
19127	#377eb8	Marshall, Iowa	1
17015	#377eb8	Carroll, Illinois	1
55045	#377eb8	Green, Wisconsin	1
55009	#4daf4a	Brown, Wisconsin	1
55135	#4daf4a	Waupaca, Wisconsin	1
55087	#4daf4a	Outagamie, Wisconsin	1
55043	#4daf4a	Grant, Wisconsin	2
55065	#4daf4a	Lafayette, Wisconsin	1
55049	#4daf4a	Iowa, Wisconsin	1
55027	#4daf4a	Dodge, Wisconsin	1
36061	#4daf4a	New York, New York	27
19155	#4daf4a	Pottawattamie, Iowa	3
19165	#4daf4a	Shelby, Iowa	1
19009	#4daf4a	Audubon, Iowa	1
19077	#4daf4a	Guthrie, Iowa	1
19001	#4daf4a	Adair, Iowa	1
19029	#4daf4a	Cass, Iowa	1
47147	#4daf4a	Robertson, Tennessee	1
47165	#4daf4a	Sumner, Tennessee	1
21213	#4daf4a	Simpson, Kentucky	1
47187	#4daf4a	Williamson, Tennessee	1
47037	#4daf4a	Davidson, Tennessee	1
47119	#4daf4a	Maury, Tennessee	1
47189	#4daf4a	Wilson, Tennessee	1
47117	#4daf4a	Marshall, Tennessee	1
1073	#4daf4a	Jefferson, Alabama	7
1115	#4daf4a	St. Clair, Alabama	1
1009	#4daf4a	Blount, Alabama	1
6025	#4daf4a	Imperial, California	1
1079	#4daf4a	Lawrence, Alabama	1
1103	#4daf4a	Morgan, Alabama	1
1033	#4daf4a	Colbert, Alabama	1
1077	#4daf4a	Lauderdale, Alabama	1
1071	#4daf4a	Jackson, Alabama	4
1095	#4daf4a	Marshall, Alabama	1
1089	#4daf4a	Madison, Alabama	111
1083	#4daf4a	Limestone, Alabama	2
47103	#4daf4a	Lincoln, Tennessee	1
47055	#4daf4a	Giles, Tennessee	1
51121	#4daf4a	Montgomery, Virginia	2
37169	#4daf4a	Stokes, North Carolina	1
37067	#4daf4a	Forsyth, North Carolina	1
51063	#4daf4a	Floyd, Virginia	1
51141	#4daf4a	Patrick, Virginia	1
51197	#4daf4a	Wythe, Virginia	1
51035	#4daf4a	Carroll, Virginia	1
37081	#4daf4a	Guilford, North Carolina	1
37171	#4daf4a	Surry, North Carolina	1
19011	#4daf4a	Benton, Iowa	10
19113	#4daf4a	Linn, Iowa	5
19061	#4daf4a	Dubuque, Iowa	3
19105	#4daf4a	Jones, Iowa	2
19097	#4daf4a	Jackson, Iowa	1
19043	#4daf4a	Clayton, Iowa	1
19055	#4daf4a	Delaware, Iowa	1
19079	#4daf4a	Hamilton, Iowa	1
19185	#4daf4a	Wayne, Iowa	24
29081	#4daf4a	Harrison, Missouri	1
6007	#4daf4a	Butte, California	7
6113	#4daf4a	Yolo, California	7
6011	#4daf4a	Colusa, California	6
6101	#4daf4a	Sutter, California	5
6021	#4daf4a	Glenn, California	4
6115	#4daf4a	Yuba, California	2
6061	#4daf4a	Placer, California	31
6017	#4daf4a	El Dorado, California	11
6057	#4daf4a	Nevada, California	7
6009	#4daf4a	Calaveras, California	3
6005	#4daf4a	Amador, California	2
6043	#4daf4a	Mariposa, California	17
32031	#4daf4a	Washoe, Nevada	13
6077	#4daf4a	San Joaquin, California	12
6109	#4daf4a	Tuolumne, California	9
6051	#4daf4a	Mono, California	4
6099	#4daf4a	Stanislaus, California	3
32005	#4daf4a	Douglas, Nevada	1
32510	#4daf4a	Carson City, Nevada	1
6003	#4daf4a	Alpine, California	1
6067	#4daf4a	Sacramento, California	102
6041	#4daf4a	Marin, California	28
6097	#4daf4a	Sonoma, California	17
6095	#4daf4a	Solano, California	10
6055	#4daf4a	Napa, California	9
6069	#4daf4a	San Benito, California	10
6083	#4daf4a	Santa Barbara, California	31
6053	#4daf4a	Monterey, California	29
6111	#4daf4a	Ventura, California	18
6079	#4daf4a	San Luis Obispo, California	18
6073	#4daf4a	San Diego, California	9
6037	#4daf4a	Los Angeles, California	75
6059	#4daf4a	Orange, California	22
6047	#4daf4a	Merced, California	10
6029	#4daf4a	Kern, California	8
6031	#4daf4a	Kings, California	8
6019	#4daf4a	Fresno, California	6
6107	#4daf4a	Tulare, California	6
6039	#4daf4a	Madera, California	4
6001	#4daf4a	Alameda, California	240
6013	#4daf4a	Contra Costa, California	85
6087	#4daf4a	Santa Cruz, California	39
6075	#4daf4a	San Francisco, California	311
6081	#4daf4a	San Mateo, California	458
6085	#4daf4a	Santa Clara, California	1351
19111	#4daf4a	Lee, Iowa	4
17019	#4daf4a	Champaign, Illinois	3
39049	#4daf4a	Franklin, Ohio	1
39119	#4daf4a	Muskingum, Ohio	1
18011	#4daf4a	Boone, Indiana	1
42133	#4daf4a	York, Pennsylvania	3
42055	#4daf4a	Franklin, Pennsylvania	1
24027	#4daf4a	Howard, Maryland	1
42001	#4daf4a	Adams, Pennsylvania	1
24005	#4daf4a	Baltimore, Maryland	1
24013	#4daf4a	Carroll, Maryland	1
11001	#4daf4a	District of Columbia, District of Columbia	39
24003	#4daf4a	Anne Arundel, Maryland	1
10005	#4daf4a	Sussex, Delaware	1
24510	#4daf4a	Baltimore City, Maryland	1
10001	#4daf4a	Kent, Delaware	1
10003	#4daf4a	New Castle, Delaware	1
24035	#4daf4a	Queen Anne's, Maryland	1
42101	#4daf4a	Philadelphia, Pennsylvania	3
42099	#4daf4a	Perry, Pennsylvania	2
42061	#4daf4a	Huntingdon, Pennsylvania	2
34005	#4daf4a	Burlington, New Jersey	1
42071	#4daf4a	Lancaster, Pennsylvania	1
42011	#4daf4a	Berks, Pennsylvania	1
42067	#4daf4a	Juniata, Pennsylvania	1
42043	#4daf4a	Dauphin, Pennsylvania	1
42045	#4daf4a	Delaware, Pennsylvania	1
42091	#4daf4a	Montgomery, Pennsylvania	1
42087	#4daf4a	Mifflin, Pennsylvania	1
42029	#4daf4a	Chester, Pennsylvania	1
42075	#4daf4a	Lebanon, Pennsylvania	1
42041	#4daf4a	Cumberland, Pennsylvania	1
42009	#4daf4a	Bedford, Pennsylvania	3
42049	#4daf4a	Erie, Pennsylvania	11
42123	#4daf4a	Warren, Pennsylvania	5
42083	#4daf4a	McKean, Pennsylvania	3
42053	#4daf4a	Forest, Pennsylvania	2
36013	#4daf4a	Chautauqua, New York	2
42047	#4daf4a	Elk, Pennsylvania	1
42111	#4daf4a	Somerset, Pennsylvania	5
24023	#4daf4a	Garrett, Maryland	5
54049	#4daf4a	Marion, West Virginia	3
42059	#4daf4a	Greene, Pennsylvania	2
54061	#4daf4a	Monongalia, West Virginia	2
54051	#4daf4a	Marshall, West Virginia	2
54103	#4daf4a	Wetzel, West Virginia	1
54077	#4daf4a	Preston, West Virginia	1
42085	#4daf4a	Mercer, Pennsylvania	6
42121	#4daf4a	Venango, Pennsylvania	5
42031	#4daf4a	Clarion, Pennsylvania	4
42065	#4daf4a	Jefferson, Pennsylvania	2
42039	#4daf4a	Crawford, Pennsylvania	2
42073	#4daf4a	Lawrence, Pennsylvania	1
42019	#4daf4a	Butler, Pennsylvania	2
48055	#4daf4a	Caldwell, Texas	5
48021	#4daf4a	Bastrop, Texas	3
48209	#4daf4a	Hays, Texas	1
48453	#4daf4a	Travis, Texas	9
48167	#4daf4a	Galveston, Texas	11
48201	#4daf4a	Harris, Texas	40
29001	#4daf4a	Adair, Missouri	1
29197	#4daf4a	Schuyler, Missouri	1
19017	#4daf4a	Bremer, Iowa	4
19171	#4daf4a	Tama, Iowa	2
55121	#4daf4a	Trempealeau, Wisconsin	2
27169	#4daf4a	Winona, Minnesota	1
55077	#4daf4a	Marquette, Wisconsin	1
55047	#4daf4a	Green Lake, Wisconsin	1
19089	#4daf4a	Howard, Iowa	1
19005	#4daf4a	Allamakee, Iowa	1
19037	#4daf4a	Chickasaw, Iowa	1
19019	#4daf4a	Buchanan, Iowa	1
55139	#4daf4a	Winnebago, Wisconsin	1
55081	#4daf4a	Monroe, Wisconsin	1
55137	#4daf4a	Waushara, Wisconsin	1
55011	#4daf4a	Buffalo, Wisconsin	1
55053	#4daf4a	Jackson, Wisconsin	1
55063	#4daf4a	La Crosse, Wisconsin	1
55001	#4daf4a	Adams, Wisconsin	1
19191	#4daf4a	Winneshiek, Iowa	1
27055	#4daf4a	Houston, Minnesota	1
19065	#4daf4a	Fayette, Iowa	1
55057	#4daf4a	Juneau, Wisconsin	1
55071	#4daf4a	Manitowoc, Wisconsin	1
55117	#4daf4a	Sheboygan, Wisconsin	1
55015	#4daf4a	Calumet, Wisconsin	1
55039	#4daf4a	Fond du Lac, Wisconsin	1
55079	#984ea3	Milwaukee, Wisconsin	12
17141	#984ea3	Ogle, Illinois	2
17201	#984ea3	Winnebago, Illinois	1
55131	#984ea3	Washington, Wisconsin	1
55133	#984ea3	Waukesha, Wisconsin	1
17007	#984ea3	Boone, Illinois	1
55089	#984ea3	Ozaukee, Wisconsin	1
17111	#984ea3	McHenry, Illinois	1
17097	#984ea3	Lake, Illinois	1
55105	#984ea3	Rock, Wisconsin	1
17195	#984ea3	Whiteside, Illinois	1
55101	#984ea3	Racine, Wisconsin	1
55127	#984ea3	Walworth, Wisconsin	1
55059	#984ea3	Kenosha, Wisconsin	1
17103	#984ea3	Lee, Illinois	1
19177	#984ea3	Van Buren, Iowa	7
19007	#984ea3	Appanoose, Iowa	20
19051	#984ea3	Davis, Iowa	13
17031	#984ea3	Cook, Illinois	25
19031	#984ea3	Cedar, Iowa	4
19045	#984ea3	Clinton, Iowa	2
19163	#984ea3	Scott, Iowa	2
17161	#984ea3	Rock Island, Illinois	1
19101	#984ea3	Jefferson, Iowa	2
19139	#984ea3	Muscatine, Iowa	1
19115	#984ea3	Louisa, Iowa	1
42013	#984ea3	Blair, Pennsylvania	6
42063	#984ea3	Indiana, Pennsylvania	5
42129	#984ea3	Westmoreland, Pennsylvania	4
42021	#984ea3	Cambria, Pennsylvania	3
42005	#984ea3	Armstrong, Pennsylvania	2
31055	#984ea3	Douglas, Nebraska	5
19087	#984ea3	Henry, Iowa	3
18059	#984ea3	Hancock, Indiana	2
19057	#984ea3	Des Moines, Iowa	1
17203	#984ea3	Woodford, Illinois	1
18165	#984ea3	Vermillion, Indiana	1
17039	#984ea3	De Witt, Illinois	1
39135	#984ea3	Preble, Ohio	1
19095	#984ea3	Iowa, Iowa	4
19107	#984ea3	Keokuk, Iowa	3
19103	#984ea3	Johnson, Iowa	3
19157	#984ea3	Poweshiek, Iowa	2
19183	#984ea3	Washington, Iowa	2
19125	#984ea3	Marion, Iowa	37
19153	#984ea3	Polk, Iowa	29
19015	#984ea3	Boone, Iowa	2
19049	#984ea3	Dallas, Iowa	2
19073	#984ea3	Greene, Iowa	1
19013	#984ea3	Black Hawk, Iowa	5
19075	#984ea3	Grundy, Iowa	1
19083	#984ea3	Hardin, Iowa	1
29095	#984ea3	Jackson, Missouri	9
19135	#984ea3	Monroe, Iowa	6
19117	#984ea3	Lucas, Iowa	3
19053	#984ea3	Decatur, Iowa	2
29013	#984ea3	Bates, Missouri	1
19039	#984ea3	Clarke, Iowa	1
40081	#984ea3	Lincoln, Oklahoma	1
29097	#984ea3	Jasper, Missouri	1
35015	#984ea3	Eddy, New Mexico	1
40057	#984ea3	Harmon, Oklahoma	1
35035	#984ea3	Otero, New Mexico	1
48101	#984ea3	Cottle, Texas	1
48345	#984ea3	Motley, Texas	1
40027	#984ea3	Cleveland, Oklahoma	1
35005	#984ea3	Chaves, New Mexico	1
40109	#984ea3	Oklahoma, Oklahoma	1
40075	#984ea3	Kiowa, Oklahoma	1
48075	#984ea3	Childress, Texas	1
40031	#984ea3	Comanche, Oklahoma	1
35025	#984ea3	Lea, New Mexico	1
48107	#984ea3	Crosby, Texas	1
40065	#984ea3	Jackson, Oklahoma	1
48153	#984ea3	Floyd, Texas	1
48303	#984ea3	Lubbock, Texas	1
35013	#984ea3	Dona Ana, New Mexico	4
4003	#984ea3	Cochise, Arizona	3
4021	#984ea3	Pinal, Arizona	2
35017	#984ea3	Grant, New Mexico	1
35029	#984ea3	Luna, New Mexico	1
35023	#984ea3	Hidalgo, New Mexico	1
4012	#984ea3	La Paz, Arizona	19
6065	#984ea3	Riverside, California	16
6071	#984ea3	San Bernardino, California	8
4027	#984ea3	Yuma, Arizona	4
4015	#984ea3	Mohave, Arizona	1
42003	#984ea3	Allegheny, Pennsylvania	504
54069	#984ea3	Ohio, West Virginia	2
49025	#984ea3	Kane, Utah	1
42051	#984ea3	Fayette, Pennsylvania	3
42125	#984ea3	Washington, Pennsylvania	2
42007	#984ea3	Beaver, Pennsylvania	11
39081	#984ea3	Jefferson, Ohio	2
54029	#984ea3	Hancock, West Virginia	2
54009	#984ea3	Brooke, West Virginia	2
39029	#984ea3	Columbiana, Ohio	1
32003	#ff7f00	Clark, Nevada	40
6027	#ff7f00	Inyo, California	7
32023	#ff7f00	Nye, Nevada	4
32009	#ff7f00	Esmeralda, Nevada	2
19121	#ff7f00	Madison, Iowa	4
19181	#ff7f00	Warren, Iowa	2
19123	#ff7f00	Mahaska, Iowa	8
19169	#ff7f00	Story, Iowa	5
19099	#ff7f00	Jasper, Iowa	2
19179	#ff7f00	Wapello, Iowa	377
4005	#ff7f00	Coconino, Arizona	26
4025	#ff7f00	Yavapai, Arizona	10
4019	#ff7f00	Pima, Arizona	2
20193	#ff7f00	Thomas, Kansas	1
4013	#ffff33	Maricopa, Arizona	354
